{
	"joint":
	{
		"LArm":
		{
			"side":[1.4723562002182007, 0.1854187697172165, -1.1937026977539062, -0.41038763523101807, 0.10000001639127731, 0.30000001192092896],
			"up":[-1.5048121213912964, 0.027570009231567383, -1.331470012664795, 0.13810205459594727, 0.1257460117340088, 0.4039999842643738],
			"front":[0.09361600875854492, -0.004643917083740234, -1.331470012664795, 0.2623560428619385, 0.12727999687194824, 0.4039999842643738],
			"side_elbow_bend":[1.5386438369750977, 0.0014920234680175781, -1.331470012664795, -1.458876132965088, 0.03063797950744629, 0.30000001192092896]
		},
		"RArm":
		{
			"side":[1.4723562002182007, -0.1854187697172165, 1.1937026977539062, 0.41038763523101807, 0.09999998658895493, 0.30000001192092896],
			"up":[-1.5048121213912964, 0.027570009231567383, 1.331470012664795, 0.13810205459594727, 0.1257460117340088, 0.4039999842643738],
			"front":[0.09361600875854492, -0.004643917083740234, 1.331470012664795, 0.2623560428619385, 0.12727999687194824, 0.4039999842643738],
			"side_elbow_bend":[1.5386438369750977, 0.0014920234680175781, 1.331470012664795, 1.458876132965088, 0.03063797950744629, 0.30000001192092896]
		},
		"LLeg":
		{
			"knee_bent":[-0.24846601486206055, -0.07972598075866699, -0.7025301456451416, 2.112546443939209, -1.1894419193267822, 0.07501578330993652],
			"straight":[-0.17000000178813934, 0.10000000149011612, 0.12999999523162842, -0.09000000357627869, 0.09000000357627869, -0.12999999523162842],
			"half_bent":[0.0, 0.0, -0.44999998807907104, 0.699999988079071, -0.3499999940395355, 0.0]
		},
		"RLeg":
		{
			"knee_bent":[-0.24846601486206055, 0.07980990409851074, -0.7102839946746826, 2.112546443939209, -1.1826720237731934, -0.07685595750808716],
			"straight":[-0.17000000178813934, -0.10000000149011612, 0.12999999523162842, -0.09000000357627869, 0.09000000357627869, 0.12999999523162842],
			"half_bent":[0.0, 0.0, -0.44999998807907104, 0.699999988079071, -0.3499999940395355, 0.0]
		},
		"Head":{
			"forward":[0.0019113916205242276, 0.001266726292669773],
			"forward_up":[0.0019113916205242276, -0.4647172689437866],
			"left_back":[2.0833005905151367, 0.004136223345994949],
			"left_front":[0.5284336805343628, 0.004136223345994949],
			"right_back":[-2.084590435028076, 0.004136223345994949],
			"right_front":[-0.6494739651679993, 0.004136223345994949]
			
		}
	}
}