{"LShoulderPitch": {"keys": [1.55005, -0.536611, -0.826796, 1.54986, 0.648977, 0.638711, 1.55694], "times": [1.16, 2.76, 4.36, 5.76, 7.16, 8.36, 9.96]}, "LShoulderRoll": {"keys": [0.14353, 0.0135857, 0.939283, 0.150101, 0.385709, 0.38656, 0.149103], "times": [1.16, 2.76, 4.36, 5.76, 7.16, 8.36, 9.96]}, "LHand": {"keys": [0.603968, 0.858984, 0.858984, 0.605149, 0.310961, 0.315066, 0.590771], "times": [1.16, 2.76, 4.36, 5.76, 7.16, 8.36, 9.96]}, "LElbowYaw": {"keys": [-1.22646, -0.129495, 0.0694901, -1.22603, 0.00283087, -0.000186542, -1.21862], "times": [1.16, 2.76, 4.36, 5.76, 7.16, 8.36, 9.96]}, "LWristYaw": {"keys": [-0.0074972, -1.77757, -1.77757, -0.00416877, -0.440576, -0.441993, -0.00453228], "times": [1.16, 2.76, 4.36, 5.76, 7.16, 8.36, 9.96]}, "KneePitch": {"keys": [-0.00494849, -0.00494849, -0.00494849, -0.00494849, -0.00494849, -0.00494849, -0.00494849], "times": [1.16, 2.76, 4.36, 5.76, 7.16, 8.36, 9.96]}, "HipRoll": {"keys": [-0.00348682, -0.00348682, -0.00348682, -0.00348682, -0.00348682, -0.00348682, -0.00348682], "times": [1.16, 2.76, 4.36, 5.76, 7.16, 8.36, 9.96]}, "RShoulderRoll": {"keys": [-0.145771, -0.379694, -0.379694, -0.149802, -0.0127474, -0.926083, -0.149338], "times": [1.16, 2.76, 4.36, 5.76, 7.16, 8.36, 9.96]}, "RWristYaw": {"keys": [0.00521665, 0.41752, 0.41752, 0.00886534, 1.8204, 1.78961, 0.00416963], "times": [1.16, 2.76, 4.36, 5.76, 7.16, 8.36, 9.96]}, "HeadYaw": {"keys": [0.00912633, 0.00912633, 0.00912633, 0.00912633, 0.00912633, 0.00912633, 0.00912633], "times": [1.16, 2.76, 4.36, 5.76, 7.16, 8.36, 9.96]}, "RShoulderPitch": {"keys": [1.55409, 0.655638, 0.655638, 1.5543, -0.521225, -0.823664, 1.55105], "times": [1.16, 2.76, 4.36, 5.76, 7.16, 8.36, 9.96]}, "RElbowYaw": {"keys": [1.22729, -0.00757909, -0.00757909, 1.2186, 0.11489, -0.0673971, 1.226], "times": [1.16, 2.76, 4.36, 5.76, 7.16, 8.36, 9.96]}, "RElbowRoll": {"keys": [0.531986, 1.25225, 1.25225, 0.52618, 1.06798, 1.54887, 0.522769], "times": [1.16, 2.76, 4.36, 5.76, 7.16, 8.36, 9.96]}, "HeadPitch": {"keys": [-0.19654, -0.0810059, -0.0810059, -0.193525, -0.187491, -0.187504, -0.19751], "times": [1.16, 2.76, 4.36, 5.76, 7.16, 8.36, 9.96]}, "RHand": {"keys": [0.596188, 0.30346, 0.30346, 0.598883, 0.850805, 0.846705, 0.608006], "times": [1.16, 2.76, 4.36, 5.76, 7.16, 8.36, 9.96]}, "LElbowRoll": {"keys": [-0.522997, -1.04763, -1.55699, -0.522769, -1.24892, -1.24859, -0.526119], "times": [1.16, 2.76, 4.36, 5.76, 7.16, 8.36, 9.96]}, "HipPitch": {"keys": [-0.0402769, -0.0402769, -0.0402769, -0.0402769, -0.0402769, -0.0402769, -0.0402769], "times": [1.16, 2.76, 4.36, 5.76, 7.16, 8.36, 9.96]}}