{
	"HeadPitch":{
		"times":[0.96, 1.96, 2.96, 3.96, 4.96, 6.96],
		"keys":[-0.202486, -0.202486, -0.202486, -0.210155, -0.210155, -0.216292]
	},
	"HeadYaw":{
		"times":[0.96, 1.96, 2.96, 3.96, 4.96, 6.96],
		"keys":[0.00153399, 0.00153399, 0.00153399, 0.00153399, 0.00153399, 0.00460196]
	},
	"HipPitch":{
		"times":[0.96, 1.96, 2.96, 3.96, 4.96, 6.96],
		"keys":[-0.0414175, -0.0306797, -0.0475532, -0.0475532, -0.0368156, -0.0567572]
	},
	"HipRoll":{
		"times":[0.96, 1.96, 2.96, 3.96, 4.96, 6.96],
		"keys":[-0.00306797, -0.00306797, -0.00306797, -0.00306797, 0.00766992, 0.00153399]
	},
	"KneePitch":{
		"times":[0.96, 1.96, 2.96, 3.96, 4.96, 6.96],
		"keys":[-0.00920391, -0.00920391, -0.0122719, -0.0122719, -0.00153399, -0.0291458]
	},
	"LElbowRoll":{
		"times":[0.96, 1.96, 2.96, 3.96, 4.96, 6.96],
		"keys":[-0.185612, -0.185612, -0.185612, -0.185612, -0.17334, -0.182544]
	},
	"LElbowYaw":{
		"times":[0.96, 1.96, 2.96, 3.96, 4.96, 6.96],
		"keys":[-1.3407, -0.863631, -1.33763, -1.33763, -1.59074, -1.33763]
	},
	"LHand":{
		"times":[0.96, 1.96, 2.96, 3.96, 4.96, 6.96],
		"keys":[0.06942, 0.06942, 0.0799649, 0.0799649, 0.0905097, 0.0913883]
	},
	"LShoulderPitch":{
		"times":[0.96, 1.96, 2.96, 3.96, 4.96, 6.96],
		"keys":[0.79767, 1.46802, 0.816078, 0.863631, 1.83005, 0.872836]
	},
	"LShoulderRoll":{
		"times":[0.96, 1.96, 2.96, 3.96, 4.96, 6.96],
		"keys":[0.0138059, 0.185612, 0.0184078, 0.524622, 0.0368156, 0.513884]
	},
	"LWristYaw":{
		"times":[0.96, 1.96, 2.96, 3.96, 4.96, 6.96],
		"keys":[0.989389, 0.989389, 0.989389, 1.11057, 0.714801, 1.09063]
	},
	"RElbowRoll":{
		"times":[0.96, 1.96, 2.96, 3.96, 4.96, 6.96],
		"keys":[0.0966408, 0.0966408, 0.0951068, 0.0951068, 0.088971, 0.0905049]
	},
	"RElbowYaw":{
		"times":[0.96, 1.96, 2.96, 3.96, 4.96, 6.96],
		"keys":[1.42507, 1.76254, 1.42814, 1.42814, 1.42814, 1.4266]
	},
	"RHand":{
		"times":[0.96, 1.96, 2.96, 3.96, 4.96, 6.96],
		"keys":[0.0500879, 0.0500879, 0.0606327, 0.0606327, 0.0711775, 0.0720563]
	},
	"RShoulderPitch":{
		"times":[0.96, 1.96, 2.96, 3.96, 4.96, 6.96],
		"keys":[0.834486, 1.80242, 0.840622, 0.865165, 1.70272, 0.877436]
	},
	"RShoulderRoll":{
		"times":[0.96, 1.96, 2.96, 3.96, 4.96, 6.96],
		"keys":[-0.526156, -0.0628931, -0.515418, -0.0138059, -0.0490872, -0.0230097]
	},
	"RWristYaw":{
		"times":[0.96, 1.96, 2.96, 3.96, 4.96, 6.96],
		"keys":[-1.10759, -1.10759, -1.10759, -1.11833, -1.11833, -1.10912]
	}
}