{"LShoulderPitch": {"keys": [1.55892, 1.54883, 1.77675, 1.10454, -1.50143, -1.52891, -1.50708, 0.972465, 1.77307, 1.55007, 1.559], "times": [1.16, 2.36, 3.56, 4.76, 5.96, 7.16, 8.36, 9.56, 10.76, 11.96, 13.16]}, "LShoulderRoll": {"keys": [0.148689, 0.941811, 1.31754, 1.53015, 1.30865, 0.940732, 1.308, 1.52255, 1.32098, 0.95088, 0.150061], "times": [1.16, 2.36, 3.56, 4.76, 5.96, 7.16, 8.36, 9.56, 10.76, 11.96, 13.16]}, "LHand": {"keys": [0.592633, 0.582479, 0.591745, 0.611466, 0.601805, 0.601805, 0.601139, 0.611257, 0.599568, 0.589307, 0.593327], "times": [1.16, 2.36, 3.56, 4.76, 5.96, 7.16, 8.36, 9.56, 10.76, 11.96, 13.16]}, "LElbowYaw": {"keys": [-1.23305, -2.071, -0.803008, -0.804577, 0.438361, -0.518363, 0.433075, -0.787967, -0.798447, -2.06666, -1.23493], "times": [1.16, 2.36, 3.56, 4.76, 5.96, 7.16, 8.36, 9.56, 10.76, 11.96, 13.16]}, "LWristYaw": {"keys": [-0.00827804, 0.265364, -0.0985973, -0.497138, 1.08461, 1.82387, 1.09471, -0.472028, -0.104837, 0.256576, 0.00921769], "times": [1.16, 2.36, 3.56, 4.76, 5.96, 7.16, 8.36, 9.56, 10.76, 11.96, 13.16]}, "KneePitch": {"keys": [-0.0049485, -0.0049485, -0.0049485, -0.0049485, -0.0049485, -0.0049485, -0.0049485, -0.0049485, -0.0049485, -0.0049485, -0.0049485], "times": [1.16, 2.36, 3.56, 4.76, 5.96, 7.16, 8.36, 9.56, 10.76, 11.96, 13.16]}, "HipRoll": {"keys": [-0.00348682, -0.00348682, -0.00348682, -0.00348682, -0.00348682, -0.00348682, -0.00348682, -0.00348682, -0.00348682, -0.00348682, -0.00348682], "times": [1.16, 2.36, 3.56, 4.76, 5.96, 7.16, 8.36, 9.56, 10.76, 11.96, 13.16]}, "RShoulderRoll": {"keys": [-0.144481, -0.883562, -1.19601, -1.28845, -1.3016, -0.965167, -1.29183, -1.28236, -1.20433, -0.887053, -0.152509], "times": [1.16, 2.36, 3.56, 4.76, 5.96, 7.16, 8.36, 9.56, 10.76, 11.96, 13.16]}, "RWristYaw": {"keys": [-0.00159793, -1.81769, -1.09466, -0.387199, 0.633194, 1.21999, 0.636504, -0.324488, -1.09297, -1.81372, -0.00895507], "times": [1.16, 2.36, 3.56, 4.76, 5.96, 7.16, 8.36, 9.56, 10.76, 11.96, 13.16]}, "HeadYaw": {"keys": [0.00912633, 0.00912633, 0.00912633, 0.00912633, 0.00912633, 0.00912633, 0.00912633, 0.00912633, 0.00912633, 0.00912633, 0.00912633], "times": [1.16, 2.36, 3.56, 4.76, 5.96, 7.16, 8.36, 9.56, 10.76, 11.96, 13.16]}, "RShoulderPitch": {"keys": [1.55027, -1.53004, -1.50304, -0.230071, 1.77363, 1.77363, 1.7708, -0.0993273, -1.4975, -1.52932, 1.55816], "times": [1.16, 2.36, 3.56, 4.76, 5.96, 7.16, 8.36, 9.56, 10.76, 11.96, 13.16]}, "RElbowYaw": {"keys": [1.23317, 0.503277, 0.467957, 0.373209, 0.801603, 0.345575, 0.798978, 0.379883, 0.466503, 0.499742, 1.23082], "times": [1.16, 2.36, 3.56, 4.76, 5.96, 7.16, 8.36, 9.56, 10.76, 11.96, 13.16]}, "RElbowRoll": {"keys": [0.514587, 0.0131759, 0.501309, 0.0167826, 0.554031, 0.00872665, 0.550952, 0.0268365, 0.493521, 0.0146325, 0.522664], "times": [1.16, 2.36, 3.56, 4.76, 5.96, 7.16, 8.36, 9.56, 10.76, 11.96, 13.16]}, "HeadPitch": {"keys": [-0.197497, -0.197497, -0.197497, -0.197497, -0.197497, -0.197497, -0.197497, -0.197497, -0.197497, -0.197497, -0.197497], "times": [1.16, 2.36, 3.56, 4.76, 5.96, 7.16, 8.36, 9.56, 10.76, 11.96, 13.16]}, "RHand": {"keys": [0.605414, 0.615444, 0.615444, 0.615444, 0.615444, 0.615444, 0.615444, 0.615444, 0.615444, 0.615444, 0.604987], "times": [1.16, 2.36, 3.56, 4.76, 5.96, 7.16, 8.36, 9.56, 10.76, 11.96, 13.16]}, "LElbowRoll": {"keys": [-0.519004, -0.0588858, -0.555838, -0.0134364, -0.688318, -0.00872665, -0.67892, -0.0260759, -0.547135, -0.0603684, -0.52231], "times": [1.16, 2.36, 3.56, 4.76, 5.96, 7.16, 8.36, 9.56, 10.76, 11.96, 13.16]}, "HipPitch": {"keys": [-0.0399418, -0.0399418, -0.0399418, -0.0399418, -0.0399418, -0.0399418, -0.0399418, -0.0399418, -0.0399418, -0.0399418, -0.0399418], "times": [1.16, 2.36, 3.56, 4.76, 5.96, 7.16, 8.36, 9.56, 10.76, 11.96, 13.16]}}