{"LShoulderPitch": {"keys": [1.55508, -0.939825, -0.939825, -1.25291, -1.25291, -1.3768, -1.3768, -1.38178, -1.38178, 1.55015, 1.55423], "times": [0.76, 2.36, 2.76, 4.36, 4.76, 6.36, 6.76, 8.36, 8.76, 10.36, 10.76]}, "LShoulderRoll": {"keys": [0.149678, 0.653704, 0.653704, 0.829195, 0.829195, 1.42817, 1.42817, 0.245566, 0.245566, 0.143801, 0.144326], "times": [0.76, 2.36, 2.76, 4.36, 4.76, 6.36, 6.76, 8.36, 8.76, 10.36, 10.76]}, "LHand": {"keys": [0.607945, 0.976591, 0.976591, 0.129049, 0.129049, 0.882716, 0.882716, 0.884392, 0.884392, 0.609038, 0.600318], "times": [0.76, 2.36, 2.76, 4.36, 4.76, 6.36, 6.76, 8.36, 8.76, 10.36, 10.76]}, "LElbowYaw": {"keys": [-1.22862, -1.16716, -1.16716, -0.442097, -0.442098, 0.0235287, 0.0235288, 0.0432557, 0.0432557, -1.22487, -1.22708], "times": [0.76, 2.36, 2.76, 4.36, 4.76, 6.36, 6.76, 8.36, 8.76, 10.36, 10.76]}, "LWristYaw": {"keys": [0.0090203, 0.813971, 0.813971, -1.16023, -1.16023, -1.56802, -1.56802, -1.5846, -1.5846, -0.00846586, -0.00664389], "times": [0.76, 2.36, 2.76, 4.36, 4.76, 6.36, 6.76, 8.36, 8.76, 10.36, 10.76]}, "KneePitch": {"keys": [-0.0155979, -0.019123, -0.019123, -0.019123, -0.019123, -0.019123, -0.019123, -0.019123, -0.019123, -0.00851208, -0.0078098], "times": [0.76, 2.36, 2.76, 4.36, 4.76, 6.36, 6.76, 8.36, 8.76, 10.36, 10.76]}, "HipRoll": {"keys": [0.00834944, 0.00849125, 0.00849125, 0.00849125, 0.00849125, 0.00849125, 0.00849125, 0.00849125, 0.00849125, 0.00849125, 0.00849125], "times": [0.76, 2.36, 2.76, 4.36, 4.76, 6.36, 6.76, 8.36, 8.76, 10.36, 10.76]}, "RShoulderRoll": {"keys": [-0.144676, -0.708555, -0.708555, -0.826761, -0.82676, -0.242817, -0.242817, -0.245566, -0.245566, -0.143816, -0.150388], "times": [0.76, 2.36, 2.76, 4.36, 4.76, 6.36, 6.76, 8.36, 8.76, 10.36, 10.76]}, "RWristYaw": {"keys": [0.000970252, -0.00258288, -0.00258288, 1.15935, 1.15935, 1.568, 1.568, 1.5846, 1.5846, 0.00847386, 0.0066518], "times": [0.76, 2.36, 2.76, 4.36, 4.76, 6.36, 6.76, 8.36, 8.76, 10.36, 10.76]}, "HeadYaw": {"keys": [0.00817351, 0.00817351, 0.00817352, 0.00817352, 0.00817351, 0.00817351, 0.00817352, 0.00817352, 0.00817352, 0.00817351, 0.00817351], "times": [0.76, 2.36, 2.76, 4.36, 4.76, 6.36, 6.76, 8.36, 8.76, 10.36, 10.76]}, "RShoulderPitch": {"keys": [1.55517, -1.07727, -1.07727, -1.24918, -1.24918, -1.37408, -1.37408, -1.38178, -1.38178, 1.55008, 1.55418], "times": [0.76, 2.36, 2.76, 4.36, 4.76, 6.36, 6.76, 8.36, 8.76, 10.36, 10.76]}, "RElbowYaw": {"keys": [1.22522, 0.432059, 0.432058, 0.457274, 0.457275, 0.0571807, 0.0571807, 0.0475361, 0.0475361, 1.22567, 1.22771], "times": [0.76, 2.36, 2.76, 4.36, 4.76, 6.36, 6.76, 8.36, 8.76, 10.36, 10.76]}, "RElbowRoll": {"keys": [0.52278, 0.240954, 0.240955, 1.47687, 1.47687, 0.77138, 0.77138, 0.766835, 0.766835, 0.522573, 0.531193], "times": [0.76, 2.36, 2.76, 4.36, 4.76, 6.36, 6.76, 8.36, 8.76, 10.36, 10.76]}, "HeadPitch": {"keys": [-0.2096, -0.2096, -0.2096, -0.2096, -0.2096, -0.2096, -0.2096, -0.2096, -0.2096, -0.2096, -0.2096], "times": [0.76, 2.36, 2.76, 4.36, 4.76, 6.36, 6.76, 8.36, 8.76, 10.36, 10.76]}, "RHand": {"keys": [0.607945, 0.976591, 0.976591, 0.0503037, 0.0503037, 0.972025, 0.972025, 0.975904, 0.975904, 0.608108, 0.606451], "times": [0.76, 2.36, 2.76, 4.36, 4.76, 6.36, 6.76, 8.36, 8.76, 10.36, 10.76]}, "LElbowRoll": {"keys": [-0.5212, -0.439877, -0.439877, -1.47687, -1.47687, -0.0151384, -0.0151384, -0.752942, -0.752942, -0.524495, -0.530764], "times": [0.76, 2.36, 2.76, 4.36, 4.76, 6.36, 6.76, 8.36, 8.76, 10.36, 10.76]}, "HipPitch": {"keys": [-0.0382989, -0.0406618, -0.0406618, -0.0406618, -0.0406618, -0.0406618, -0.0406618, -0.0406618, -0.0406618, -0.0406618, -0.0406618], "times": [0.76, 2.36, 2.76, 4.36, 4.76, 6.36, 6.76, 8.36, 8.76, 10.36, 10.76]}}